{
    "N": {
        "min": 20.0,
        "max": 117.0
    },
    "P": {
        "min": 32.0,
        "max": 95.0
    },
    "K": {
        "min": 38.0,
        "max": 48.0
    },
    "temperature": {
        "min": 20.13017482,
        "max": 26.49109635
    },
    "humidity": {
        "min": 80.15836264,
        "max": 83.37011772
    },
    "ph": {
        "min": 6.399394987,
        "max": 7.840207144
    },
    "rainfall": {
        "min": 202.9355362,
        "max": 263.9642476
    }
}